Census year,CLUE small area,Seating type,derived_cuisine,total_establishments,total_seats
2018,Carlton,Seats - Indoor,Cafe / Coffee Shop,37,2105
2018,Carlton,Seats - Indoor,Chinese,7,263
2018,Carlton,Seats - Indoor,Indian,1,28
2018,Carlton,Seats - Indoor,Italian,17,1523
2018,Carlton,Seats - Indoor,Japanese,5,170
2018,Carlton,Seats - Indoor,Korean,1,100
2018,Carlton,Seats - Indoor,Other Cuisines,91,5442
2018,Carlton,Seats - Indoor,Thai,3,108
2018,Carlton,Seats - Indoor,Vietnamese,2,55
2018,Carlton,Seats - Indoor,Western / Pub / Bistro,9,562
2018,Carlton,Seats - Outdoor,Cafe / Coffee Shop,33,907
2018,Carlton,Seats - Outdoor,Chinese,6,84
2018,Carlton,Seats - Outdoor,Indian,1,12
2018,Carlton,Seats - Outdoor,Italian,16,498
2018,Carlton,Seats - Outdoor,Japanese,4,54
2018,Carlton,Seats - Outdoor,Korean,1,30
2018,Carlton,Seats - Outdoor,Other Cuisines,69,1541
2018,Carlton,Seats - Outdoor,Thai,3,56
2018,Carlton,Seats - Outdoor,Vietnamese,2,32
2018,Carlton,Seats - Outdoor,Western / Pub / Bistro,7,182
2018,Docklands,Seats - Indoor,Cafe / Coffee Shop,47,5122
2018,Docklands,Seats - Indoor,Chinese,2,56
2018,Docklands,Seats - Indoor,Italian,6,259
2018,Docklands,Seats - Indoor,Japanese,11,507
2018,Docklands,Seats - Indoor,Mexican,1,38
2018,Docklands,Seats - Indoor,Other Cuisines,96,7183
2018,Docklands,Seats - Indoor,Thai,4,190
2018,Docklands,Seats - Indoor,Vietnamese,3,140
2018,Docklands,Seats - Indoor,Western / Pub / Bistro,7,1204
2018,Docklands,Seats - Outdoor,Cafe / Coffee Shop,31,881
2018,Docklands,Seats - Outdoor,Chinese,2,108
2018,Docklands,Seats - Outdoor,Italian,3,140
2018,Docklands,Seats - Outdoor,Japanese,7,146
2018,Docklands,Seats - Outdoor,Other Cuisines,55,2045
2018,Docklands,Seats - Outdoor,Thai,3,36
2018,Docklands,Seats - Outdoor,Vietnamese,2,48
2018,Docklands,Seats - Outdoor,Western / Pub / Bistro,5,287
2018,East Melbourne,Seats - Indoor,Cafe / Coffee Shop,12,811
2018,East Melbourne,Seats - Indoor,Indian,2,96
2018,East Melbourne,Seats - Indoor,Italian,5,297
2018,East Melbourne,Seats - Indoor,Japanese,1,22
2018,East Melbourne,Seats - Indoor,Other Cuisines,16,4328
2018,East Melbourne,Seats - Indoor,Western / Pub / Bistro,1,46
2018,East Melbourne,Seats - Outdoor,Cafe / Coffee Shop,11,317
2018,East Melbourne,Seats - Outdoor,Italian,3,51
2018,East Melbourne,Seats - Outdoor,Japanese,1,6
2018,East Melbourne,Seats - Outdoor,Other Cuisines,11,375
2018,East Melbourne,Seats - Outdoor,Western / Pub / Bistro,1,30
2018,Kensington,Seats - Indoor,Cafe / Coffee Shop,12,318
2018,Kensington,Seats - Indoor,Greek,1,40
2018,Kensington,Seats - Indoor,Italian,3,202
2018,Kensington,Seats - Indoor,Mexican,1,48
2018,Kensington,Seats - Indoor,Other Cuisines,6,200
2018,Kensington,Seats - Indoor,Thai,1,20
2018,Kensington,Seats - Indoor,Western / Pub / Bistro,4,131
2018,Kensington,Seats - Outdoor,Cafe / Coffee Shop,10,123
2018,Kensington,Seats - Outdoor,Greek,1,8
2018,Kensington,Seats - Outdoor,Italian,2,44
2018,Kensington,Seats - Outdoor,Mexican,1,12
2018,Kensington,Seats - Outdoor,Other Cuisines,2,36
2018,Kensington,Seats - Outdoor,Thai,1,14
2018,Kensington,Seats - Outdoor,Western / Pub / Bistro,2,41
2018,Melbourne (CBD),Seats - Indoor,Cafe / Coffee Shop,186,9270
2018,Melbourne (CBD),Seats - Indoor,Chinese,45,3713
2018,Melbourne (CBD),Seats - Indoor,Greek,2,84
2018,Melbourne (CBD),Seats - Indoor,Indian,14,881
2018,Melbourne (CBD),Seats - Indoor,Italian,31,2073
2018,Melbourne (CBD),Seats - Indoor,Japanese,66,3740
2018,Melbourne (CBD),Seats - Indoor,Korean,14,1050
2018,Melbourne (CBD),Seats - Indoor,Mexican,6,326
2018,Melbourne (CBD),Seats - Indoor,Middle Eastern,1,126
2018,Melbourne (CBD),Seats - Indoor,Other Cuisines,546,38734
2018,Melbourne (CBD),Seats - Indoor,Thai,11,666
2018,Melbourne (CBD),Seats - Indoor,Vietnamese,11,568
2018,Melbourne (CBD),Seats - Indoor,Western / Pub / Bistro,67,4524
2018,Melbourne (CBD),Seats - Outdoor,Cafe / Coffee Shop,118,2874
2018,Melbourne (CBD),Seats - Outdoor,Chinese,8,104
2018,Melbourne (CBD),Seats - Outdoor,Greek,2,50
2018,Melbourne (CBD),Seats - Outdoor,Indian,8,114
2018,Melbourne (CBD),Seats - Outdoor,Italian,12,359
2018,Melbourne (CBD),Seats - Outdoor,Japanese,19,307
2018,Melbourne (CBD),Seats - Outdoor,Korean,3,73
2018,Melbourne (CBD),Seats - Outdoor,Mexican,4,138
2018,Melbourne (CBD),Seats - Outdoor,Middle Eastern,1,24
2018,Melbourne (CBD),Seats - Outdoor,Other Cuisines,224,6276
2018,Melbourne (CBD),Seats - Outdoor,Thai,3,56
2018,Melbourne (CBD),Seats - Outdoor,Vietnamese,7,205
2018,Melbourne (CBD),Seats - Outdoor,Western / Pub / Bistro,36,1489
2018,Melbourne (Remainder),Seats - Indoor,Cafe / Coffee Shop,15,1110
2018,Melbourne (Remainder),Seats - Indoor,Japanese,4,89
2018,Melbourne (Remainder),Seats - Indoor,Other Cuisines,14,703
2018,Melbourne (Remainder),Seats - Indoor,Vietnamese,1,62
2018,Melbourne (Remainder),Seats - Indoor,Western / Pub / Bistro,1,11
2018,Melbourne (Remainder),Seats - Outdoor,Cafe / Coffee Shop,15,585
2018,Melbourne (Remainder),Seats - Outdoor,Japanese,3,44
2018,Melbourne (Remainder),Seats - Outdoor,Other Cuisines,11,527
2018,North Melbourne,Seats - Indoor,Cafe / Coffee Shop,17,594
2018,North Melbourne,Seats - Indoor,Indian,2,58
2018,North Melbourne,Seats - Indoor,Italian,1,80
2018,North Melbourne,Seats - Indoor,Japanese,2,80
2018,North Melbourne,Seats - Indoor,Korean,2,116
2018,North Melbourne,Seats - Indoor,Middle Eastern,1,30
2018,North Melbourne,Seats - Indoor,Other Cuisines,34,1733
2018,North Melbourne,Seats - Indoor,Thai,1,50
2018,North Melbourne,Seats - Indoor,Vietnamese,3,64
2018,North Melbourne,Seats - Indoor,Western / Pub / Bistro,3,180
2018,North Melbourne,Seats - Outdoor,Cafe / Coffee Shop,14,270
2018,North Melbourne,Seats - Outdoor,Indian,1,4
2018,North Melbourne,Seats - Outdoor,Italian,1,4
2018,North Melbourne,Seats - Outdoor,Japanese,1,24
2018,North Melbourne,Seats - Outdoor,Middle Eastern,1,8
2018,North Melbourne,Seats - Outdoor,Other Cuisines,21,332
2018,North Melbourne,Seats - Outdoor,Thai,1,4
2018,North Melbourne,Seats - Outdoor,Vietnamese,2,28
2018,North Melbourne,Seats - Outdoor,Western / Pub / Bistro,1,8
2018,Parkville,Seats - Indoor,Cafe / Coffee Shop,12,611
2018,Parkville,Seats - Indoor,Chinese,1,48
2018,Parkville,Seats - Indoor,Japanese,2,67
2018,Parkville,Seats - Indoor,Other Cuisines,15,1082
2018,Parkville,Seats - Indoor,Western / Pub / Bistro,3,350
2018,Parkville,Seats - Outdoor,Cafe / Coffee Shop,10,298
2018,Parkville,Seats - Outdoor,Chinese,1,24
2018,Parkville,Seats - Outdoor,Other Cuisines,6,192
2018,Parkville,Seats - Outdoor,Western / Pub / Bistro,2,340
2018,Port Melbourne,Seats - Indoor,Cafe / Coffee Shop,8,374
2018,Port Melbourne,Seats - Indoor,Other Cuisines,7,295
2018,Port Melbourne,Seats - Indoor,Western / Pub / Bistro,1,90
2018,Port Melbourne,Seats - Outdoor,Cafe / Coffee Shop,7,180
2018,Port Melbourne,Seats - Outdoor,Other Cuisines,5,128
2018,Port Melbourne,Seats - Outdoor,Western / Pub / Bistro,1,40
2018,South Yarra,Seats - Indoor,Cafe / Coffee Shop,1,120
2018,South Yarra,Seats - Indoor,Japanese,1,22
2018,South Yarra,Seats - Indoor,Other Cuisines,4,247
2018,South Yarra,Seats - Indoor,Western / Pub / Bistro,2,224
2018,South Yarra,Seats - Outdoor,Cafe / Coffee Shop,1,30
2018,South Yarra,Seats - Outdoor,Other Cuisines,3,78
2018,South Yarra,Seats - Outdoor,Western / Pub / Bistro,2,28
2018,Southbank,Seats - Indoor,Cafe / Coffee Shop,20,1422
2018,Southbank,Seats - Indoor,Chinese,3,255
2018,Southbank,Seats - Indoor,Greek,1,80
2018,Southbank,Seats - Indoor,Italian,1,150
2018,Southbank,Seats - Indoor,Japanese,3,150
2018,Southbank,Seats - Indoor,Mexican,1,28
2018,Southbank,Seats - Indoor,Other Cuisines,73,7771
2018,Southbank,Seats - Indoor,Vietnamese,2,119
2018,Southbank,Seats - Indoor,Western / Pub / Bistro,22,3570
2018,Southbank,Seats - Outdoor,Cafe / Coffee Shop,12,401
2018,Southbank,Seats - Outdoor,Japanese,2,42
2018,Southbank,Seats - Outdoor,Other Cuisines,41,2512
2018,Southbank,Seats - Outdoor,Vietnamese,1,20
2018,Southbank,Seats - Outdoor,Western / Pub / Bistro,17,951
2018,West Melbourne (Residential),Seats - Indoor,Cafe / Coffee Shop,12,382
2018,West Melbourne (Residential),Seats - Indoor,Indian,2,50
2018,West Melbourne (Residential),Seats - Indoor,Italian,1,18
2018,West Melbourne (Residential),Seats - Indoor,Middle Eastern,1,43
2018,West Melbourne (Residential),Seats - Indoor,Other Cuisines,21,697
2018,West Melbourne (Residential),Seats - Indoor,Thai,1,22
2018,West Melbourne (Residential),Seats - Outdoor,Cafe / Coffee Shop,12,129
2018,West Melbourne (Residential),Seats - Outdoor,Italian,1,8
2018,West Melbourne (Residential),Seats - Outdoor,Middle Eastern,1,6
2018,West Melbourne (Residential),Seats - Outdoor,Other Cuisines,11,178
2018,West Melbourne (Residential),Seats - Outdoor,Thai,1,4
2019,Carlton,Seats - Indoor,Cafe / Coffee Shop,37,2105
2019,Carlton,Seats - Indoor,Chinese,7,263
2019,Carlton,Seats - Indoor,Indian,1,28
2019,Carlton,Seats - Indoor,Italian,17,1523
2019,Carlton,Seats - Indoor,Japanese,5,170
2019,Carlton,Seats - Indoor,Korean,1,100
2019,Carlton,Seats - Indoor,Other Cuisines,91,5442
2019,Carlton,Seats - Indoor,Thai,3,108
2019,Carlton,Seats - Indoor,Vietnamese,2,55
2019,Carlton,Seats - Indoor,Western / Pub / Bistro,9,562
2019,Carlton,Seats - Outdoor,Cafe / Coffee Shop,33,907
2019,Carlton,Seats - Outdoor,Chinese,6,84
2019,Carlton,Seats - Outdoor,Indian,1,12
2019,Carlton,Seats - Outdoor,Italian,16,498
2019,Carlton,Seats - Outdoor,Japanese,4,54
2019,Carlton,Seats - Outdoor,Korean,1,30
2019,Carlton,Seats - Outdoor,Other Cuisines,69,1541
2019,Carlton,Seats - Outdoor,Thai,3,56
2019,Carlton,Seats - Outdoor,Vietnamese,2,32
2019,Carlton,Seats - Outdoor,Western / Pub / Bistro,7,182
2019,Docklands,Seats - Indoor,Cafe / Coffee Shop,47,5122
2019,Docklands,Seats - Indoor,Chinese,2,56
2019,Docklands,Seats - Indoor,Italian,6,259
2019,Docklands,Seats - Indoor,Japanese,11,507
2019,Docklands,Seats - Indoor,Mexican,1,38
2019,Docklands,Seats - Indoor,Other Cuisines,96,7183
2019,Docklands,Seats - Indoor,Thai,4,190
2019,Docklands,Seats - Indoor,Vietnamese,3,140
2019,Docklands,Seats - Indoor,Western / Pub / Bistro,7,1204
2019,Docklands,Seats - Outdoor,Cafe / Coffee Shop,31,881
2019,Docklands,Seats - Outdoor,Chinese,2,108
2019,Docklands,Seats - Outdoor,Italian,3,140
2019,Docklands,Seats - Outdoor,Japanese,7,146
2019,Docklands,Seats - Outdoor,Other Cuisines,55,2045
2019,Docklands,Seats - Outdoor,Thai,3,36
2019,Docklands,Seats - Outdoor,Vietnamese,2,48
2019,Docklands,Seats - Outdoor,Western / Pub / Bistro,5,287
2019,East Melbourne,Seats - Indoor,Cafe / Coffee Shop,12,811
2019,East Melbourne,Seats - Indoor,Indian,2,96
2019,East Melbourne,Seats - Indoor,Italian,5,297
2019,East Melbourne,Seats - Indoor,Japanese,1,22
2019,East Melbourne,Seats - Indoor,Other Cuisines,16,4328
2019,East Melbourne,Seats - Indoor,Western / Pub / Bistro,1,46
2019,East Melbourne,Seats - Outdoor,Cafe / Coffee Shop,11,317
2019,East Melbourne,Seats - Outdoor,Italian,3,51
2019,East Melbourne,Seats - Outdoor,Japanese,1,6
2019,East Melbourne,Seats - Outdoor,Other Cuisines,11,375
2019,East Melbourne,Seats - Outdoor,Western / Pub / Bistro,1,30
2019,Kensington,Seats - Indoor,Cafe / Coffee Shop,9,272
2019,Kensington,Seats - Indoor,Italian,2,160
2019,Kensington,Seats - Indoor,Other Cuisines,10,376
2019,Kensington,Seats - Indoor,Thai,1,20
2019,Kensington,Seats - Indoor,Western / Pub / Bistro,4,125
2019,Kensington,Seats - Outdoor,Cafe / Coffee Shop,7,85
2019,Kensington,Seats - Outdoor,Italian,2,44
2019,Kensington,Seats - Outdoor,Other Cuisines,7,79
2019,Kensington,Seats - Outdoor,Thai,1,14
2019,Kensington,Seats - Outdoor,Western / Pub / Bistro,2,41
2019,Melbourne (CBD),Seats - Indoor,Cafe / Coffee Shop,158,7876
2019,Melbourne (CBD),Seats - Indoor,Chinese,44,3797
2019,Melbourne (CBD),Seats - Indoor,Greek,1,80
2019,Melbourne (CBD),Seats - Indoor,Indian,12,726
2019,Melbourne (CBD),Seats - Indoor,Italian,30,2034
2019,Melbourne (CBD),Seats - Indoor,Japanese,64,3566
2019,Melbourne (CBD),Seats - Indoor,Korean,23,1523
2019,Melbourne (CBD),Seats - Indoor,Mexican,7,376
2019,Melbourne (CBD),Seats - Indoor,Middle Eastern,4,205
2019,Melbourne (CBD),Seats - Indoor,Other Cuisines,566,39304
2019,Melbourne (CBD),Seats - Indoor,Thai,12,767
2019,Melbourne (CBD),Seats - Indoor,Vietnamese,16,750
2019,Melbourne (CBD),Seats - Indoor,Western / Pub / Bistro,68,4639
2019,Melbourne (CBD),Seats - Outdoor,Cafe / Coffee Shop,104,2499
2019,Melbourne (CBD),Seats - Outdoor,Chinese,7,98
2019,Melbourne (CBD),Seats - Outdoor,Greek,1,16
2019,Melbourne (CBD),Seats - Outdoor,Indian,6,100
2019,Melbourne (CBD),Seats - Outdoor,Italian,12,331
2019,Melbourne (CBD),Seats - Outdoor,Japanese,17,264
2019,Melbourne (CBD),Seats - Outdoor,Korean,5,76
2019,Melbourne (CBD),Seats - Outdoor,Mexican,3,58
2019,Melbourne (CBD),Seats - Outdoor,Middle Eastern,1,24
2019,Melbourne (CBD),Seats - Outdoor,Other Cuisines,229,6294
2019,Melbourne (CBD),Seats - Outdoor,Thai,3,62
2019,Melbourne (CBD),Seats - Outdoor,Vietnamese,9,229
2019,Melbourne (CBD),Seats - Outdoor,Western / Pub / Bistro,38,1537
2019,Melbourne (Remainder),Seats - Indoor,Cafe / Coffee Shop,12,932
2019,Melbourne (Remainder),Seats - Indoor,Japanese,4,94
2019,Melbourne (Remainder),Seats - Indoor,Other Cuisines,15,735
2019,Melbourne (Remainder),Seats - Indoor,Thai,1,48
2019,Melbourne (Remainder),Seats - Indoor,Vietnamese,2,76
2019,Melbourne (Remainder),Seats - Indoor,Western / Pub / Bistro,1,11
2019,Melbourne (Remainder),Seats - Outdoor,Cafe / Coffee Shop,11,553
2019,Melbourne (Remainder),Seats - Outdoor,Japanese,3,44
2019,Melbourne (Remainder),Seats - Outdoor,Other Cuisines,12,578
2019,Melbourne (Remainder),Seats - Outdoor,Thai,1,13
2019,Melbourne (Remainder),Seats - Outdoor,Vietnamese,1,24
2019,North Melbourne,Seats - Indoor,Cafe / Coffee Shop,17,594
2019,North Melbourne,Seats - Indoor,Indian,2,58
2019,North Melbourne,Seats - Indoor,Italian,1,80
2019,North Melbourne,Seats - Indoor,Japanese,2,80
2019,North Melbourne,Seats - Indoor,Korean,2,116
2019,North Melbourne,Seats - Indoor,Middle Eastern,1,30
2019,North Melbourne,Seats - Indoor,Other Cuisines,34,1733
2019,North Melbourne,Seats - Indoor,Thai,1,50
2019,North Melbourne,Seats - Indoor,Vietnamese,3,64
2019,North Melbourne,Seats - Indoor,Western / Pub / Bistro,3,180
2019,North Melbourne,Seats - Outdoor,Cafe / Coffee Shop,14,270
2019,North Melbourne,Seats - Outdoor,Indian,1,4
2019,North Melbourne,Seats - Outdoor,Italian,1,4
2019,North Melbourne,Seats - Outdoor,Japanese,1,24
2019,North Melbourne,Seats - Outdoor,Middle Eastern,1,8
2019,North Melbourne,Seats - Outdoor,Other Cuisines,21,332
2019,North Melbourne,Seats - Outdoor,Thai,1,4
2019,North Melbourne,Seats - Outdoor,Vietnamese,2,28
2019,North Melbourne,Seats - Outdoor,Western / Pub / Bistro,1,8
2019,Parkville,Seats - Indoor,Cafe / Coffee Shop,12,611
2019,Parkville,Seats - Indoor,Chinese,1,48
2019,Parkville,Seats - Indoor,Japanese,2,67
2019,Parkville,Seats - Indoor,Other Cuisines,15,1082
2019,Parkville,Seats - Indoor,Western / Pub / Bistro,3,350
2019,Parkville,Seats - Outdoor,Cafe / Coffee Shop,10,298
2019,Parkville,Seats - Outdoor,Chinese,1,24
2019,Parkville,Seats - Outdoor,Other Cuisines,6,192
2019,Parkville,Seats - Outdoor,Western / Pub / Bistro,2,340
2019,Port Melbourne,Seats - Indoor,Cafe / Coffee Shop,9,380
2019,Port Melbourne,Seats - Indoor,Other Cuisines,7,295
2019,Port Melbourne,Seats - Indoor,Western / Pub / Bistro,1,90
2019,Port Melbourne,Seats - Outdoor,Cafe / Coffee Shop,8,196
2019,Port Melbourne,Seats - Outdoor,Other Cuisines,5,128
2019,Port Melbourne,Seats - Outdoor,Western / Pub / Bistro,1,90
2019,South Yarra,Seats - Indoor,Cafe / Coffee Shop,1,120
2019,South Yarra,Seats - Indoor,Japanese,1,22
2019,South Yarra,Seats - Indoor,Other Cuisines,5,297
2019,South Yarra,Seats - Indoor,Western / Pub / Bistro,2,224
2019,South Yarra,Seats - Outdoor,Cafe / Coffee Shop,1,30
2019,South Yarra,Seats - Outdoor,Other Cuisines,3,68
2019,South Yarra,Seats - Outdoor,Western / Pub / Bistro,2,38
2019,Southbank,Seats - Indoor,Cafe / Coffee Shop,19,1337
2019,Southbank,Seats - Indoor,Chinese,2,159
2019,Southbank,Seats - Indoor,Greek,1,80
2019,Southbank,Seats - Indoor,Italian,1,150
2019,Southbank,Seats - Indoor,Japanese,3,180
2019,Southbank,Seats - Indoor,Mexican,1,28
2019,Southbank,Seats - Indoor,Other Cuisines,88,8659
2019,Southbank,Seats - Indoor,Thai,2,152
2019,Southbank,Seats - Indoor,Vietnamese,3,174
2019,Southbank,Seats - Indoor,Western / Pub / Bistro,19,2671
2019,Southbank,Seats - Outdoor,Cafe / Coffee Shop,10,337
2019,Southbank,Seats - Outdoor,Japanese,2,42
2019,Southbank,Seats - Outdoor,Other Cuisines,44,2610
2019,Southbank,Seats - Outdoor,Thai,1,90
2019,Southbank,Seats - Outdoor,Vietnamese,2,32
2019,Southbank,Seats - Outdoor,Western / Pub / Bistro,12,717
2019,West Melbourne (Residential),Seats - Indoor,Cafe / Coffee Shop,12,382
2019,West Melbourne (Residential),Seats - Indoor,Indian,2,50
2019,West Melbourne (Residential),Seats - Indoor,Italian,1,18
2019,West Melbourne (Residential),Seats - Indoor,Middle Eastern,1,43
2019,West Melbourne (Residential),Seats - Indoor,Other Cuisines,21,697
2019,West Melbourne (Residential),Seats - Indoor,Thai,1,22
2019,West Melbourne (Residential),Seats - Outdoor,Cafe / Coffee Shop,12,129
2019,West Melbourne (Residential),Seats - Outdoor,Italian,1,8
2019,West Melbourne (Residential),Seats - Outdoor,Middle Eastern,1,6
2019,West Melbourne (Residential),Seats - Outdoor,Other Cuisines,11,178
2019,West Melbourne (Residential),Seats - Outdoor,Thai,1,4
2020,Carlton,Seats - Indoor,Cafe / Coffee Shop,33,1956
2020,Carlton,Seats - Indoor,Chinese,11,555
2020,Carlton,Seats - Indoor,Indian,1,28
2020,Carlton,Seats - Indoor,Italian,17,1383
2020,Carlton,Seats - Indoor,Japanese,2,60
2020,Carlton,Seats - Indoor,Korean,1,100
2020,Carlton,Seats - Indoor,Other Cuisines,90,5768
2020,Carlton,Seats - Indoor,Thai,3,108
2020,Carlton,Seats - Indoor,Vietnamese,2,65
2020,Carlton,Seats - Indoor,Western / Pub / Bistro,5,303
2020,Carlton,Seats - Outdoor,Cafe / Coffee Shop,29,815
2020,Carlton,Seats - Outdoor,Chinese,7,90
2020,Carlton,Seats - Outdoor,Indian,1,12
2020,Carlton,Seats - Outdoor,Italian,15,500
2020,Carlton,Seats - Outdoor,Japanese,1,12
2020,Carlton,Seats - Outdoor,Korean,1,30
2020,Carlton,Seats - Outdoor,Other Cuisines,62,1285
2020,Carlton,Seats - Outdoor,Thai,3,56
2020,Carlton,Seats - Outdoor,Vietnamese,2,26
2020,Carlton,Seats - Outdoor,Western / Pub / Bistro,5,116
2020,Docklands,Seats - Indoor,Cafe / Coffee Shop,42,4923
2020,Docklands,Seats - Indoor,Chinese,7,340
2020,Docklands,Seats - Indoor,Indian,1,20
2020,Docklands,Seats - Indoor,Italian,5,221
2020,Docklands,Seats - Indoor,Japanese,9,409
2020,Docklands,Seats - Indoor,Mexican,2,97
2020,Docklands,Seats - Indoor,Middle Eastern,1,30
2020,Docklands,Seats - Indoor,Other Cuisines,106,6382
2020,Docklands,Seats - Indoor,Thai,5,229
2020,Docklands,Seats - Indoor,Vietnamese,4,158
2020,Docklands,Seats - Indoor,Western / Pub / Bistro,6,550
2020,Docklands,Seats - Outdoor,Cafe / Coffee Shop,31,861
2020,Docklands,Seats - Outdoor,Chinese,3,108
2020,Docklands,Seats - Outdoor,Italian,3,130
2020,Docklands,Seats - Outdoor,Japanese,4,122
2020,Docklands,Seats - Outdoor,Mexican,1,15
2020,Docklands,Seats - Outdoor,Middle Eastern,1,30
2020,Docklands,Seats - Outdoor,Other Cuisines,54,1977
2020,Docklands,Seats - Outdoor,Thai,3,46
2020,Docklands,Seats - Outdoor,Vietnamese,3,76
2020,Docklands,Seats - Outdoor,Western / Pub / Bistro,6,250
2020,East Melbourne,Seats - Indoor,Cafe / Coffee Shop,9,683
2020,East Melbourne,Seats - Indoor,Indian,2,96
2020,East Melbourne,Seats - Indoor,Italian,3,150
2020,East Melbourne,Seats - Indoor,Japanese,2,52
2020,East Melbourne,Seats - Indoor,Other Cuisines,15,4189
2020,East Melbourne,Seats - Indoor,Western / Pub / Bistro,1,46
2020,East Melbourne,Seats - Outdoor,Cafe / Coffee Shop,8,294
2020,East Melbourne,Seats - Outdoor,Italian,3,51
2020,East Melbourne,Seats - Outdoor,Japanese,2,14
2020,East Melbourne,Seats - Outdoor,Other Cuisines,11,358
2020,East Melbourne,Seats - Outdoor,Western / Pub / Bistro,1,30
2020,Kensington,Seats - Indoor,Cafe / Coffee Shop,9,272
2020,Kensington,Seats - Indoor,Italian,2,160
2020,Kensington,Seats - Indoor,Other Cuisines,10,376
2020,Kensington,Seats - Indoor,Thai,1,20
2020,Kensington,Seats - Indoor,Western / Pub / Bistro,4,125
2020,Kensington,Seats - Outdoor,Cafe / Coffee Shop,7,85
2020,Kensington,Seats - Outdoor,Italian,2,44
2020,Kensington,Seats - Outdoor,Other Cuisines,7,79
2020,Kensington,Seats - Outdoor,Thai,1,14
2020,Kensington,Seats - Outdoor,Western / Pub / Bistro,2,41
2020,Melbourne (CBD),Seats - Indoor,Cafe / Coffee Shop,139,6965
2020,Melbourne (CBD),Seats - Indoor,Chinese,37,3163
2020,Melbourne (CBD),Seats - Indoor,Greek,1,80
2020,Melbourne (CBD),Seats - Indoor,Indian,11,626
2020,Melbourne (CBD),Seats - Indoor,Italian,28,2056
2020,Melbourne (CBD),Seats - Indoor,Japanese,52,2936
2020,Melbourne (CBD),Seats - Indoor,Korean,23,1585
2020,Melbourne (CBD),Seats - Indoor,Mexican,7,376
2020,Melbourne (CBD),Seats - Indoor,Middle Eastern,4,205
2020,Melbourne (CBD),Seats - Indoor,Other Cuisines,521,35742
2020,Melbourne (CBD),Seats - Indoor,Thai,11,731
2020,Melbourne (CBD),Seats - Indoor,Vietnamese,17,711
2020,Melbourne (CBD),Seats - Indoor,Western / Pub / Bistro,61,4361
2020,Melbourne (CBD),Seats - Outdoor,Cafe / Coffee Shop,88,2249
2020,Melbourne (CBD),Seats - Outdoor,Chinese,6,82
2020,Melbourne (CBD),Seats - Outdoor,Greek,1,16
2020,Melbourne (CBD),Seats - Outdoor,Indian,5,90
2020,Melbourne (CBD),Seats - Outdoor,Italian,12,519
2020,Melbourne (CBD),Seats - Outdoor,Japanese,12,184
2020,Melbourne (CBD),Seats - Outdoor,Korean,5,100
2020,Melbourne (CBD),Seats - Outdoor,Mexican,3,58
2020,Melbourne (CBD),Seats - Outdoor,Middle Eastern,1,24
2020,Melbourne (CBD),Seats - Outdoor,Other Cuisines,204,5574
2020,Melbourne (CBD),Seats - Outdoor,Thai,3,74
2020,Melbourne (CBD),Seats - Outdoor,Vietnamese,10,218
2020,Melbourne (CBD),Seats - Outdoor,Western / Pub / Bistro,32,1440
2020,Melbourne (Remainder),Seats - Indoor,Cafe / Coffee Shop,10,812
2020,Melbourne (Remainder),Seats - Indoor,Japanese,4,94
2020,Melbourne (Remainder),Seats - Indoor,Other Cuisines,15,735
2020,Melbourne (Remainder),Seats - Indoor,Thai,1,48
2020,Melbourne (Remainder),Seats - Indoor,Vietnamese,2,76
2020,Melbourne (Remainder),Seats - Outdoor,Cafe / Coffee Shop,9,469
2020,Melbourne (Remainder),Seats - Outdoor,Japanese,3,44
2020,Melbourne (Remainder),Seats - Outdoor,Other Cuisines,12,578
2020,Melbourne (Remainder),Seats - Outdoor,Thai,1,13
2020,Melbourne (Remainder),Seats - Outdoor,Vietnamese,1,24
2020,North Melbourne,Seats - Indoor,Cafe / Coffee Shop,13,408
2020,North Melbourne,Seats - Indoor,Indian,2,58
2020,North Melbourne,Seats - Indoor,Italian,1,80
2020,North Melbourne,Seats - Indoor,Japanese,2,76
2020,North Melbourne,Seats - Indoor,Korean,2,116
2020,North Melbourne,Seats - Indoor,Middle Eastern,1,30
2020,North Melbourne,Seats - Indoor,Other Cuisines,32,1646
2020,North Melbourne,Seats - Indoor,Thai,1,50
2020,North Melbourne,Seats - Indoor,Vietnamese,2,46
2020,North Melbourne,Seats - Indoor,Western / Pub / Bistro,2,76
2020,North Melbourne,Seats - Outdoor,Cafe / Coffee Shop,12,236
2020,North Melbourne,Seats - Outdoor,Indian,1,4
2020,North Melbourne,Seats - Outdoor,Italian,1,4
2020,North Melbourne,Seats - Outdoor,Middle Eastern,1,8
2020,North Melbourne,Seats - Outdoor,Other Cuisines,18,256
2020,North Melbourne,Seats - Outdoor,Thai,1,4
2020,North Melbourne,Seats - Outdoor,Vietnamese,1,12
2020,Parkville,Seats - Indoor,Cafe / Coffee Shop,8,504
2020,Parkville,Seats - Indoor,Chinese,1,48
2020,Parkville,Seats - Indoor,Japanese,1,32
2020,Parkville,Seats - Indoor,Other Cuisines,14,1062
2020,Parkville,Seats - Indoor,Western / Pub / Bistro,3,350
2020,Parkville,Seats - Outdoor,Cafe / Coffee Shop,7,278
2020,Parkville,Seats - Outdoor,Chinese,1,24
2020,Parkville,Seats - Outdoor,Other Cuisines,6,192
2020,Parkville,Seats - Outdoor,Western / Pub / Bistro,2,340
2020,Port Melbourne,Seats - Indoor,Cafe / Coffee Shop,9,380
2020,Port Melbourne,Seats - Indoor,Other Cuisines,7,295
2020,Port Melbourne,Seats - Indoor,Western / Pub / Bistro,1,90
2020,Port Melbourne,Seats - Outdoor,Cafe / Coffee Shop,8,196
2020,Port Melbourne,Seats - Outdoor,Other Cuisines,5,128
2020,Port Melbourne,Seats - Outdoor,Western / Pub / Bistro,1,90
2020,South Yarra,Seats - Indoor,Cafe / Coffee Shop,1,120
2020,South Yarra,Seats - Indoor,Japanese,1,22
2020,South Yarra,Seats - Indoor,Other Cuisines,5,297
2020,South Yarra,Seats - Indoor,Western / Pub / Bistro,2,224
2020,South Yarra,Seats - Outdoor,Cafe / Coffee Shop,1,30
2020,South Yarra,Seats - Outdoor,Other Cuisines,3,68
2020,South Yarra,Seats - Outdoor,Western / Pub / Bistro,2,38
2020,Southbank,Seats - Indoor,Cafe / Coffee Shop,18,1257
2020,Southbank,Seats - Indoor,Chinese,2,159
2020,Southbank,Seats - Indoor,Greek,1,80
2020,Southbank,Seats - Indoor,Italian,1,150
2020,Southbank,Seats - Indoor,Japanese,3,180
2020,Southbank,Seats - Indoor,Mexican,1,28
2020,Southbank,Seats - Indoor,Other Cuisines,85,8584
2020,Southbank,Seats - Indoor,Thai,2,152
2020,Southbank,Seats - Indoor,Vietnamese,2,62
2020,Southbank,Seats - Indoor,Western / Pub / Bistro,17,2441
2020,Southbank,Seats - Outdoor,Cafe / Coffee Shop,9,321
2020,Southbank,Seats - Outdoor,Japanese,2,42
2020,Southbank,Seats - Outdoor,Other Cuisines,41,2578
2020,Southbank,Seats - Outdoor,Thai,1,90
2020,Southbank,Seats - Outdoor,Vietnamese,2,32
2020,Southbank,Seats - Outdoor,Western / Pub / Bistro,11,691
2020,West Melbourne (Residential),Seats - Indoor,Cafe / Coffee Shop,11,351
2020,West Melbourne (Residential),Seats - Indoor,Indian,1,24
2020,West Melbourne (Residential),Seats - Indoor,Korean,1,25
2020,West Melbourne (Residential),Seats - Indoor,Other Cuisines,19,707
2020,West Melbourne (Residential),Seats - Indoor,Thai,2,77
2020,West Melbourne (Residential),Seats - Indoor,Western / Pub / Bistro,1,100
2020,West Melbourne (Residential),Seats - Outdoor,Cafe / Coffee Shop,11,122
2020,West Melbourne (Residential),Seats - Outdoor,Other Cuisines,9,138
2020,West Melbourne (Residential),Seats - Outdoor,Thai,1,4
2021,Carlton,Seats - Indoor,Cafe / Coffee Shop,33,1956
2021,Carlton,Seats - Indoor,Chinese,11,555
2021,Carlton,Seats - Indoor,Indian,1,28
2021,Carlton,Seats - Indoor,Italian,17,1383
2021,Carlton,Seats - Indoor,Japanese,2,60
2021,Carlton,Seats - Indoor,Korean,1,100
2021,Carlton,Seats - Indoor,Other Cuisines,90,5768
2021,Carlton,Seats - Indoor,Thai,3,108
2021,Carlton,Seats - Indoor,Vietnamese,2,65
2021,Carlton,Seats - Indoor,Western / Pub / Bistro,5,303
2021,Carlton,Seats - Outdoor,Cafe / Coffee Shop,29,815
2021,Carlton,Seats - Outdoor,Chinese,7,90
2021,Carlton,Seats - Outdoor,Indian,1,12
2021,Carlton,Seats - Outdoor,Italian,15,500
2021,Carlton,Seats - Outdoor,Japanese,1,12
2021,Carlton,Seats - Outdoor,Korean,1,30
2021,Carlton,Seats - Outdoor,Other Cuisines,62,1285
2021,Carlton,Seats - Outdoor,Thai,3,56
2021,Carlton,Seats - Outdoor,Vietnamese,2,26
2021,Carlton,Seats - Outdoor,Western / Pub / Bistro,5,116
2021,Docklands,Seats - Indoor,Cafe / Coffee Shop,35,1803
2021,Docklands,Seats - Indoor,Chinese,3,145
2021,Docklands,Seats - Indoor,Indian,3,200
2021,Docklands,Seats - Indoor,Italian,7,441
2021,Docklands,Seats - Indoor,Japanese,7,295
2021,Docklands,Seats - Indoor,Mexican,2,97
2021,Docklands,Seats - Indoor,Middle Eastern,2,130
2021,Docklands,Seats - Indoor,Other Cuisines,87,5565
2021,Docklands,Seats - Indoor,Thai,5,229
2021,Docklands,Seats - Indoor,Vietnamese,4,100
2021,Docklands,Seats - Indoor,Western / Pub / Bistro,7,580
2021,Docklands,Seats - Outdoor,Cafe / Coffee Shop,27,847
2021,Docklands,Seats - Outdoor,Chinese,2,92
2021,Docklands,Seats - Outdoor,Indian,2,62
2021,Docklands,Seats - Outdoor,Italian,6,230
2021,Docklands,Seats - Outdoor,Japanese,3,80
2021,Docklands,Seats - Outdoor,Mexican,1,15
2021,Docklands,Seats - Outdoor,Middle Eastern,2,48
2021,Docklands,Seats - Outdoor,Other Cuisines,48,2098
2021,Docklands,Seats - Outdoor,Thai,2,24
2021,Docklands,Seats - Outdoor,Vietnamese,4,106
2021,Docklands,Seats - Outdoor,Western / Pub / Bistro,5,220
2021,East Melbourne,Seats - Indoor,Cafe / Coffee Shop,9,683
2021,East Melbourne,Seats - Indoor,Indian,2,96
2021,East Melbourne,Seats - Indoor,Italian,3,150
2021,East Melbourne,Seats - Indoor,Japanese,2,52
2021,East Melbourne,Seats - Indoor,Other Cuisines,15,4189
2021,East Melbourne,Seats - Indoor,Western / Pub / Bistro,1,46
2021,East Melbourne,Seats - Outdoor,Cafe / Coffee Shop,8,294
2021,East Melbourne,Seats - Outdoor,Italian,3,51
2021,East Melbourne,Seats - Outdoor,Japanese,2,14
2021,East Melbourne,Seats - Outdoor,Other Cuisines,11,358
2021,East Melbourne,Seats - Outdoor,Western / Pub / Bistro,1,30
2021,Kensington,Seats - Indoor,Cafe / Coffee Shop,5,161
2021,Kensington,Seats - Indoor,Italian,1,130
2021,Kensington,Seats - Indoor,Other Cuisines,13,468
2021,Kensington,Seats - Indoor,Thai,1,20
2021,Kensington,Seats - Indoor,Western / Pub / Bistro,2,53
2021,Kensington,Seats - Outdoor,Cafe / Coffee Shop,4,51
2021,Kensington,Seats - Outdoor,Italian,1,34
2021,Kensington,Seats - Outdoor,Other Cuisines,8,85
2021,Kensington,Seats - Outdoor,Thai,1,14
2021,Kensington,Seats - Outdoor,Western / Pub / Bistro,1,25
2021,Melbourne (CBD),Seats - Indoor,Cafe / Coffee Shop,141,6952
2021,Melbourne (CBD),Seats - Indoor,Chinese,39,3232
2021,Melbourne (CBD),Seats - Indoor,Greek,1,80
2021,Melbourne (CBD),Seats - Indoor,Indian,8,485
2021,Melbourne (CBD),Seats - Indoor,Italian,30,2163
2021,Melbourne (CBD),Seats - Indoor,Japanese,48,2751
2021,Melbourne (CBD),Seats - Indoor,Korean,23,1660
2021,Melbourne (CBD),Seats - Indoor,Mexican,7,376
2021,Melbourne (CBD),Seats - Indoor,Middle Eastern,3,177
2021,Melbourne (CBD),Seats - Indoor,Other Cuisines,511,35684
2021,Melbourne (CBD),Seats - Indoor,Thai,12,776
2021,Melbourne (CBD),Seats - Indoor,Vietnamese,16,695
2021,Melbourne (CBD),Seats - Indoor,Western / Pub / Bistro,59,4106
2021,Melbourne (CBD),Seats - Outdoor,Cafe / Coffee Shop,88,2364
2021,Melbourne (CBD),Seats - Outdoor,Chinese,7,96
2021,Melbourne (CBD),Seats - Outdoor,Greek,1,16
2021,Melbourne (CBD),Seats - Outdoor,Indian,4,48
2021,Melbourne (CBD),Seats - Outdoor,Italian,15,607
2021,Melbourne (CBD),Seats - Outdoor,Japanese,9,134
2021,Melbourne (CBD),Seats - Outdoor,Korean,6,120
2021,Melbourne (CBD),Seats - Outdoor,Mexican,3,58
2021,Melbourne (CBD),Seats - Outdoor,Middle Eastern,1,24
2021,Melbourne (CBD),Seats - Outdoor,Other Cuisines,196,5311
2021,Melbourne (CBD),Seats - Outdoor,Thai,4,82
2021,Melbourne (CBD),Seats - Outdoor,Vietnamese,10,200
2021,Melbourne (CBD),Seats - Outdoor,Western / Pub / Bistro,30,1387
2021,Melbourne (Remainder),Seats - Indoor,Cafe / Coffee Shop,12,1012
2021,Melbourne (Remainder),Seats - Indoor,Japanese,4,94
2021,Melbourne (Remainder),Seats - Indoor,Other Cuisines,14,525
2021,Melbourne (Remainder),Seats - Indoor,Thai,1,48
2021,Melbourne (Remainder),Seats - Indoor,Vietnamese,1,52
2021,Melbourne (Remainder),Seats - Outdoor,Cafe / Coffee Shop,10,514
2021,Melbourne (Remainder),Seats - Outdoor,Japanese,3,44
2021,Melbourne (Remainder),Seats - Outdoor,Other Cuisines,12,463
2021,Melbourne (Remainder),Seats - Outdoor,Thai,1,13
2021,North Melbourne,Seats - Indoor,Cafe / Coffee Shop,13,408
2021,North Melbourne,Seats - Indoor,Indian,2,58
2021,North Melbourne,Seats - Indoor,Italian,1,80
2021,North Melbourne,Seats - Indoor,Japanese,2,76
2021,North Melbourne,Seats - Indoor,Korean,2,116
2021,North Melbourne,Seats - Indoor,Middle Eastern,1,30
2021,North Melbourne,Seats - Indoor,Other Cuisines,32,1646
2021,North Melbourne,Seats - Indoor,Thai,1,50
2021,North Melbourne,Seats - Indoor,Vietnamese,2,46
2021,North Melbourne,Seats - Indoor,Western / Pub / Bistro,2,76
2021,North Melbourne,Seats - Outdoor,Cafe / Coffee Shop,12,236
2021,North Melbourne,Seats - Outdoor,Indian,1,4
2021,North Melbourne,Seats - Outdoor,Italian,1,4
2021,North Melbourne,Seats - Outdoor,Middle Eastern,1,8
2021,North Melbourne,Seats - Outdoor,Other Cuisines,18,256
2021,North Melbourne,Seats - Outdoor,Thai,1,4
2021,North Melbourne,Seats - Outdoor,Vietnamese,1,12
2021,Parkville,Seats - Indoor,Cafe / Coffee Shop,8,504
2021,Parkville,Seats - Indoor,Chinese,1,48
2021,Parkville,Seats - Indoor,Japanese,1,32
2021,Parkville,Seats - Indoor,Other Cuisines,14,1062
2021,Parkville,Seats - Indoor,Western / Pub / Bistro,3,350
2021,Parkville,Seats - Outdoor,Cafe / Coffee Shop,7,278
2021,Parkville,Seats - Outdoor,Chinese,1,24
2021,Parkville,Seats - Outdoor,Other Cuisines,6,192
2021,Parkville,Seats - Outdoor,Western / Pub / Bistro,2,340
2021,Port Melbourne,Seats - Indoor,Cafe / Coffee Shop,6,239
2021,Port Melbourne,Seats - Indoor,Middle Eastern,1,52
2021,Port Melbourne,Seats - Indoor,Other Cuisines,6,254
2021,Port Melbourne,Seats - Indoor,Western / Pub / Bistro,1,90
2021,Port Melbourne,Seats - Outdoor,Cafe / Coffee Shop,5,106
2021,Port Melbourne,Seats - Outdoor,Middle Eastern,1,24
2021,Port Melbourne,Seats - Outdoor,Other Cuisines,4,80
2021,Port Melbourne,Seats - Outdoor,Western / Pub / Bistro,1,90
2021,South Yarra,Seats - Indoor,Other Cuisines,7,340
2021,South Yarra,Seats - Indoor,Western / Pub / Bistro,2,224
2021,South Yarra,Seats - Outdoor,Other Cuisines,4,80
2021,South Yarra,Seats - Outdoor,Western / Pub / Bistro,2,38
2021,Southbank,Seats - Indoor,Cafe / Coffee Shop,17,1204
2021,Southbank,Seats - Indoor,Chinese,1,110
2021,Southbank,Seats - Indoor,Greek,1,80
2021,Southbank,Seats - Indoor,Italian,1,150
2021,Southbank,Seats - Indoor,Japanese,1,90
2021,Southbank,Seats - Indoor,Mexican,1,28
2021,Southbank,Seats - Indoor,Other Cuisines,80,8631
2021,Southbank,Seats - Indoor,Thai,2,152
2021,Southbank,Seats - Indoor,Vietnamese,3,174
2021,Southbank,Seats - Indoor,Western / Pub / Bistro,15,2014
2021,Southbank,Seats - Outdoor,Cafe / Coffee Shop,8,251
2021,Southbank,Seats - Outdoor,Japanese,1,40
2021,Southbank,Seats - Outdoor,Other Cuisines,39,2637
2021,Southbank,Seats - Outdoor,Thai,1,90
2021,Southbank,Seats - Outdoor,Vietnamese,2,32
2021,Southbank,Seats - Outdoor,Western / Pub / Bistro,10,635
2021,West Melbourne (Residential),Seats - Indoor,Cafe / Coffee Shop,11,351
2021,West Melbourne (Residential),Seats - Indoor,Indian,1,24
2021,West Melbourne (Residential),Seats - Indoor,Korean,1,25
2021,West Melbourne (Residential),Seats - Indoor,Other Cuisines,19,707
2021,West Melbourne (Residential),Seats - Indoor,Thai,2,77
2021,West Melbourne (Residential),Seats - Indoor,Western / Pub / Bistro,1,100
2021,West Melbourne (Residential),Seats - Outdoor,Cafe / Coffee Shop,11,122
2021,West Melbourne (Residential),Seats - Outdoor,Other Cuisines,9,138
2021,West Melbourne (Residential),Seats - Outdoor,Thai,1,4
2022,Carlton,Seats - Indoor,Cafe / Coffee Shop,31,1612
2022,Carlton,Seats - Indoor,Chinese,8,426
2022,Carlton,Seats - Indoor,Indian,1,28
2022,Carlton,Seats - Indoor,Italian,13,948
2022,Carlton,Seats - Indoor,Japanese,1,24
2022,Carlton,Seats - Indoor,Korean,2,150
2022,Carlton,Seats - Indoor,Middle Eastern,1,20
2022,Carlton,Seats - Indoor,Other Cuisines,92,6295
2022,Carlton,Seats - Indoor,Thai,3,130
2022,Carlton,Seats - Indoor,Vietnamese,2,65
2022,Carlton,Seats - Indoor,Western / Pub / Bistro,7,398
2022,Carlton,Seats - Outdoor,Cafe / Coffee Shop,29,823
2022,Carlton,Seats - Outdoor,Chinese,5,32
2022,Carlton,Seats - Outdoor,Indian,1,12
2022,Carlton,Seats - Outdoor,Italian,12,380
2022,Carlton,Seats - Outdoor,Japanese,1,8
2022,Carlton,Seats - Outdoor,Korean,1,30
2022,Carlton,Seats - Outdoor,Middle Eastern,1,4
2022,Carlton,Seats - Outdoor,Other Cuisines,64,1678
2022,Carlton,Seats - Outdoor,Thai,3,58
2022,Carlton,Seats - Outdoor,Vietnamese,2,26
2022,Carlton,Seats - Outdoor,Western / Pub / Bistro,6,147
2022,Docklands,Seats - Indoor,Cafe / Coffee Shop,35,1803
2022,Docklands,Seats - Indoor,Chinese,3,145
2022,Docklands,Seats - Indoor,Indian,3,200
2022,Docklands,Seats - Indoor,Italian,7,441
2022,Docklands,Seats - Indoor,Japanese,7,295
2022,Docklands,Seats - Indoor,Mexican,2,97
2022,Docklands,Seats - Indoor,Middle Eastern,2,130
2022,Docklands,Seats - Indoor,Other Cuisines,87,5565
2022,Docklands,Seats - Indoor,Thai,5,229
2022,Docklands,Seats - Indoor,Vietnamese,4,100
2022,Docklands,Seats - Indoor,Western / Pub / Bistro,7,580
2022,Docklands,Seats - Outdoor,Cafe / Coffee Shop,27,847
2022,Docklands,Seats - Outdoor,Chinese,2,92
2022,Docklands,Seats - Outdoor,Indian,2,62
2022,Docklands,Seats - Outdoor,Italian,6,230
2022,Docklands,Seats - Outdoor,Japanese,3,80
2022,Docklands,Seats - Outdoor,Mexican,1,15
2022,Docklands,Seats - Outdoor,Middle Eastern,2,48
2022,Docklands,Seats - Outdoor,Other Cuisines,48,2098
2022,Docklands,Seats - Outdoor,Thai,2,24
2022,Docklands,Seats - Outdoor,Vietnamese,4,106
2022,Docklands,Seats - Outdoor,Western / Pub / Bistro,5,220
2022,East Melbourne,Seats - Indoor,Cafe / Coffee Shop,7,500
2022,East Melbourne,Seats - Indoor,Indian,2,96
2022,East Melbourne,Seats - Indoor,Italian,2,100
2022,East Melbourne,Seats - Indoor,Japanese,2,52
2022,East Melbourne,Seats - Indoor,Other Cuisines,13,4002
2022,East Melbourne,Seats - Indoor,Western / Pub / Bistro,1,46
2022,East Melbourne,Seats - Outdoor,Cafe / Coffee Shop,7,196
2022,East Melbourne,Seats - Outdoor,Italian,2,11
2022,East Melbourne,Seats - Outdoor,Japanese,1,6
2022,East Melbourne,Seats - Outdoor,Other Cuisines,10,390
2022,East Melbourne,Seats - Outdoor,Western / Pub / Bistro,1,30
2022,Kensington,Seats - Indoor,Cafe / Coffee Shop,5,161
2022,Kensington,Seats - Indoor,Italian,1,130
2022,Kensington,Seats - Indoor,Other Cuisines,13,468
2022,Kensington,Seats - Indoor,Thai,1,20
2022,Kensington,Seats - Indoor,Western / Pub / Bistro,2,53
2022,Kensington,Seats - Outdoor,Cafe / Coffee Shop,4,51
2022,Kensington,Seats - Outdoor,Italian,1,34
2022,Kensington,Seats - Outdoor,Other Cuisines,8,85
2022,Kensington,Seats - Outdoor,Thai,1,14
2022,Kensington,Seats - Outdoor,Western / Pub / Bistro,1,25
2022,Melbourne (CBD),Seats - Indoor,Cafe / Coffee Shop,127,5808
2022,Melbourne (CBD),Seats - Indoor,Chinese,37,2993
2022,Melbourne (CBD),Seats - Indoor,Greek,1,80
2022,Melbourne (CBD),Seats - Indoor,Indian,7,384
2022,Melbourne (CBD),Seats - Indoor,Italian,25,1926
2022,Melbourne (CBD),Seats - Indoor,Japanese,42,2576
2022,Melbourne (CBD),Seats - Indoor,Korean,27,1954
2022,Melbourne (CBD),Seats - Indoor,Mexican,4,220
2022,Melbourne (CBD),Seats - Indoor,Middle Eastern,4,197
2022,Melbourne (CBD),Seats - Indoor,Other Cuisines,504,35503
2022,Melbourne (CBD),Seats - Indoor,Thai,15,1111
2022,Melbourne (CBD),Seats - Indoor,Vietnamese,10,334
2022,Melbourne (CBD),Seats - Indoor,Western / Pub / Bistro,55,3961
2022,Melbourne (CBD),Seats - Outdoor,Cafe / Coffee Shop,79,2048
2022,Melbourne (CBD),Seats - Outdoor,Chinese,6,62
2022,Melbourne (CBD),Seats - Outdoor,Greek,1,16
2022,Melbourne (CBD),Seats - Outdoor,Indian,4,56
2022,Melbourne (CBD),Seats - Outdoor,Italian,6,323
2022,Melbourne (CBD),Seats - Outdoor,Japanese,11,170
2022,Melbourne (CBD),Seats - Outdoor,Korean,7,104
2022,Melbourne (CBD),Seats - Outdoor,Mexican,1,18
2022,Melbourne (CBD),Seats - Outdoor,Middle Eastern,1,24
2022,Melbourne (CBD),Seats - Outdoor,Other Cuisines,184,5142
2022,Melbourne (CBD),Seats - Outdoor,Thai,5,74
2022,Melbourne (CBD),Seats - Outdoor,Vietnamese,5,111
2022,Melbourne (CBD),Seats - Outdoor,Western / Pub / Bistro,27,1257
2022,Melbourne (Remainder),Seats - Indoor,Cafe / Coffee Shop,12,1012
2022,Melbourne (Remainder),Seats - Indoor,Japanese,4,94
2022,Melbourne (Remainder),Seats - Indoor,Other Cuisines,14,525
2022,Melbourne (Remainder),Seats - Indoor,Thai,1,48
2022,Melbourne (Remainder),Seats - Indoor,Vietnamese,1,52
2022,Melbourne (Remainder),Seats - Outdoor,Cafe / Coffee Shop,10,514
2022,Melbourne (Remainder),Seats - Outdoor,Japanese,3,44
2022,Melbourne (Remainder),Seats - Outdoor,Other Cuisines,12,463
2022,Melbourne (Remainder),Seats - Outdoor,Thai,1,13
2022,North Melbourne,Seats - Indoor,Cafe / Coffee Shop,11,381
2022,North Melbourne,Seats - Indoor,Chinese,1,28
2022,North Melbourne,Seats - Indoor,Indian,1,30
2022,North Melbourne,Seats - Indoor,Italian,2,110
2022,North Melbourne,Seats - Indoor,Japanese,1,20
2022,North Melbourne,Seats - Indoor,Korean,1,76
2022,North Melbourne,Seats - Indoor,Middle Eastern,1,30
2022,North Melbourne,Seats - Indoor,Other Cuisines,35,1745
2022,North Melbourne,Seats - Indoor,Thai,1,50
2022,North Melbourne,Seats - Indoor,Vietnamese,2,46
2022,North Melbourne,Seats - Indoor,Western / Pub / Bistro,2,76
2022,North Melbourne,Seats - Outdoor,Cafe / Coffee Shop,11,196
2022,North Melbourne,Seats - Outdoor,Italian,2,34
2022,North Melbourne,Seats - Outdoor,Japanese,1,24
2022,North Melbourne,Seats - Outdoor,Middle Eastern,1,8
2022,North Melbourne,Seats - Outdoor,Other Cuisines,22,365
2022,North Melbourne,Seats - Outdoor,Thai,1,8
2022,North Melbourne,Seats - Outdoor,Vietnamese,1,12
2022,North Melbourne,Seats - Outdoor,Western / Pub / Bistro,1,8
2022,Parkville,Seats - Indoor,Cafe / Coffee Shop,6,242
2022,Parkville,Seats - Indoor,Japanese,2,150
2022,Parkville,Seats - Indoor,Other Cuisines,13,1032
2022,Parkville,Seats - Indoor,Vietnamese,1,35
2022,Parkville,Seats - Indoor,Western / Pub / Bistro,1,180
2022,Parkville,Seats - Outdoor,Cafe / Coffee Shop,5,153
2022,Parkville,Seats - Outdoor,Japanese,1,240
2022,Parkville,Seats - Outdoor,Other Cuisines,6,196
2022,Parkville,Seats - Outdoor,Vietnamese,1,12
2022,Parkville,Seats - Outdoor,Western / Pub / Bistro,1,100
2022,Port Melbourne,Seats - Indoor,Cafe / Coffee Shop,6,239
2022,Port Melbourne,Seats - Indoor,Middle Eastern,1,52
2022,Port Melbourne,Seats - Indoor,Other Cuisines,6,254
2022,Port Melbourne,Seats - Indoor,Western / Pub / Bistro,1,90
2022,Port Melbourne,Seats - Outdoor,Cafe / Coffee Shop,5,106
2022,Port Melbourne,Seats - Outdoor,Middle Eastern,1,24
2022,Port Melbourne,Seats - Outdoor,Other Cuisines,4,80
2022,Port Melbourne,Seats - Outdoor,Western / Pub / Bistro,1,90
2022,South Yarra,Seats - Indoor,Other Cuisines,7,340
2022,South Yarra,Seats - Indoor,Western / Pub / Bistro,2,224
2022,South Yarra,Seats - Outdoor,Other Cuisines,4,80
2022,South Yarra,Seats - Outdoor,Western / Pub / Bistro,2,38
2022,Southbank,Seats - Indoor,Cafe / Coffee Shop,17,1204
2022,Southbank,Seats - Indoor,Chinese,1,110
2022,Southbank,Seats - Indoor,Greek,1,80
2022,Southbank,Seats - Indoor,Italian,1,150
2022,Southbank,Seats - Indoor,Japanese,1,90
2022,Southbank,Seats - Indoor,Mexican,1,28
2022,Southbank,Seats - Indoor,Other Cuisines,80,8631
2022,Southbank,Seats - Indoor,Thai,2,152
2022,Southbank,Seats - Indoor,Vietnamese,3,174
2022,Southbank,Seats - Indoor,Western / Pub / Bistro,15,2014
2022,Southbank,Seats - Outdoor,Cafe / Coffee Shop,8,251
2022,Southbank,Seats - Outdoor,Japanese,1,40
2022,Southbank,Seats - Outdoor,Other Cuisines,39,2637
2022,Southbank,Seats - Outdoor,Thai,1,90
2022,Southbank,Seats - Outdoor,Vietnamese,2,32
2022,Southbank,Seats - Outdoor,Western / Pub / Bistro,10,635
2022,West Melbourne (Residential),Seats - Indoor,Cafe / Coffee Shop,9,238
2022,West Melbourne (Residential),Seats - Indoor,Indian,2,72
2022,West Melbourne (Residential),Seats - Indoor,Italian,1,100
2022,West Melbourne (Residential),Seats - Indoor,Korean,2,45
2022,West Melbourne (Residential),Seats - Indoor,Other Cuisines,15,486
2022,West Melbourne (Residential),Seats - Indoor,Thai,2,77
2022,West Melbourne (Residential),Seats - Outdoor,Cafe / Coffee Shop,8,116
2022,West Melbourne (Residential),Seats - Outdoor,Other Cuisines,9,222
2022,West Melbourne (Residential),Seats - Outdoor,Thai,1,4
2023,Carlton,Seats - Indoor,Cafe / Coffee Shop,26,1542
2023,Carlton,Seats - Indoor,Chinese,5,148
2023,Carlton,Seats - Indoor,Greek,1,28
2023,Carlton,Seats - Indoor,Indian,1,89
2023,Carlton,Seats - Indoor,Italian,14,1128
2023,Carlton,Seats - Indoor,Japanese,2,32
2023,Carlton,Seats - Indoor,Korean,3,200
2023,Carlton,Seats - Indoor,Middle Eastern,1,50
2023,Carlton,Seats - Indoor,Other Cuisines,106,6486
2023,Carlton,Seats - Indoor,Thai,4,254
2023,Carlton,Seats - Indoor,Vietnamese,2,61
2023,Carlton,Seats - Indoor,Western / Pub / Bistro,10,521
2023,Carlton,Seats - Outdoor,Cafe / Coffee Shop,23,644
2023,Carlton,Seats - Outdoor,Chinese,4,35
2023,Carlton,Seats - Outdoor,Greek,1,24
2023,Carlton,Seats - Outdoor,Italian,11,368
2023,Carlton,Seats - Outdoor,Japanese,2,38
2023,Carlton,Seats - Outdoor,Korean,2,42
2023,Carlton,Seats - Outdoor,Middle Eastern,1,10
2023,Carlton,Seats - Outdoor,Other Cuisines,73,1771
2023,Carlton,Seats - Outdoor,Thai,3,48
2023,Carlton,Seats - Outdoor,Vietnamese,2,16
2023,Carlton,Seats - Outdoor,Western / Pub / Bistro,9,203
2023,Docklands,Seats - Indoor,Cafe / Coffee Shop,31,1672
2023,Docklands,Seats - Indoor,Chinese,2,82
2023,Docklands,Seats - Indoor,Indian,1,150
2023,Docklands,Seats - Indoor,Italian,4,169
2023,Docklands,Seats - Indoor,Japanese,9,351
2023,Docklands,Seats - Indoor,Mexican,1,59
2023,Docklands,Seats - Indoor,Middle Eastern,2,130
2023,Docklands,Seats - Indoor,Other Cuisines,88,5724
2023,Docklands,Seats - Indoor,Thai,5,223
2023,Docklands,Seats - Indoor,Vietnamese,4,141
2023,Docklands,Seats - Indoor,Western / Pub / Bistro,8,583
2023,Docklands,Seats - Outdoor,Cafe / Coffee Shop,21,619
2023,Docklands,Seats - Outdoor,Chinese,1,12
2023,Docklands,Seats - Outdoor,Indian,1,50
2023,Docklands,Seats - Outdoor,Italian,3,122
2023,Docklands,Seats - Outdoor,Japanese,6,142
2023,Docklands,Seats - Outdoor,Mexican,1,15
2023,Docklands,Seats - Outdoor,Middle Eastern,2,48
2023,Docklands,Seats - Outdoor,Other Cuisines,49,2026
2023,Docklands,Seats - Outdoor,Thai,2,50
2023,Docklands,Seats - Outdoor,Vietnamese,3,100
2023,Docklands,Seats - Outdoor,Western / Pub / Bistro,5,203
2023,East Melbourne,Seats - Indoor,Cafe / Coffee Shop,8,560
2023,East Melbourne,Seats - Indoor,Indian,1,40
2023,East Melbourne,Seats - Indoor,Italian,2,100
2023,East Melbourne,Seats - Indoor,Japanese,2,52
2023,East Melbourne,Seats - Indoor,Other Cuisines,13,769
2023,East Melbourne,Seats - Indoor,Western / Pub / Bistro,1,46
2023,East Melbourne,Seats - Outdoor,Cafe / Coffee Shop,7,195
2023,East Melbourne,Seats - Outdoor,Italian,2,11
2023,East Melbourne,Seats - Outdoor,Japanese,1,6
2023,East Melbourne,Seats - Outdoor,Other Cuisines,10,214
2023,East Melbourne,Seats - Outdoor,Western / Pub / Bistro,1,25
2023,Kensington,Seats - Indoor,Cafe / Coffee Shop,7,235
2023,Kensington,Seats - Indoor,Italian,1,130
2023,Kensington,Seats - Indoor,Other Cuisines,13,624
2023,Kensington,Seats - Indoor,Thai,1,22
2023,Kensington,Seats - Indoor,Western / Pub / Bistro,2,53
2023,Kensington,Seats - Outdoor,Cafe / Coffee Shop,6,65
2023,Kensington,Seats - Outdoor,Italian,1,34
2023,Kensington,Seats - Outdoor,Other Cuisines,4,58
2023,Kensington,Seats - Outdoor,Thai,1,10
2023,Kensington,Seats - Outdoor,Western / Pub / Bistro,1,41
2023,Melbourne (CBD),Seats - Indoor,Cafe / Coffee Shop,127,5808
2023,Melbourne (CBD),Seats - Indoor,Chinese,37,2993
2023,Melbourne (CBD),Seats - Indoor,Greek,1,80
2023,Melbourne (CBD),Seats - Indoor,Indian,7,384
2023,Melbourne (CBD),Seats - Indoor,Italian,25,1926
2023,Melbourne (CBD),Seats - Indoor,Japanese,42,2576
2023,Melbourne (CBD),Seats - Indoor,Korean,27,1954
2023,Melbourne (CBD),Seats - Indoor,Mexican,4,220
2023,Melbourne (CBD),Seats - Indoor,Middle Eastern,4,197
2023,Melbourne (CBD),Seats - Indoor,Other Cuisines,504,35503
2023,Melbourne (CBD),Seats - Indoor,Thai,15,1111
2023,Melbourne (CBD),Seats - Indoor,Vietnamese,10,334
2023,Melbourne (CBD),Seats - Indoor,Western / Pub / Bistro,55,3961
2023,Melbourne (CBD),Seats - Outdoor,Cafe / Coffee Shop,79,2048
2023,Melbourne (CBD),Seats - Outdoor,Chinese,6,62
2023,Melbourne (CBD),Seats - Outdoor,Greek,1,16
2023,Melbourne (CBD),Seats - Outdoor,Indian,4,56
2023,Melbourne (CBD),Seats - Outdoor,Italian,6,323
2023,Melbourne (CBD),Seats - Outdoor,Japanese,11,170
2023,Melbourne (CBD),Seats - Outdoor,Korean,7,104
2023,Melbourne (CBD),Seats - Outdoor,Mexican,1,18
2023,Melbourne (CBD),Seats - Outdoor,Middle Eastern,1,24
2023,Melbourne (CBD),Seats - Outdoor,Other Cuisines,184,5142
2023,Melbourne (CBD),Seats - Outdoor,Thai,5,74
2023,Melbourne (CBD),Seats - Outdoor,Vietnamese,5,111
2023,Melbourne (CBD),Seats - Outdoor,Western / Pub / Bistro,27,1257
2023,Melbourne (Remainder),Seats - Indoor,Cafe / Coffee Shop,11,750
2023,Melbourne (Remainder),Seats - Indoor,Japanese,4,78
2023,Melbourne (Remainder),Seats - Indoor,Other Cuisines,15,819
2023,Melbourne (Remainder),Seats - Indoor,Thai,1,48
2023,Melbourne (Remainder),Seats - Outdoor,Cafe / Coffee Shop,9,344
2023,Melbourne (Remainder),Seats - Outdoor,Japanese,3,44
2023,Melbourne (Remainder),Seats - Outdoor,Other Cuisines,15,578
2023,Melbourne (Remainder),Seats - Outdoor,Thai,1,13
2023,North Melbourne,Seats - Indoor,Cafe / Coffee Shop,11,406
2023,North Melbourne,Seats - Indoor,Chinese,1,28
2023,North Melbourne,Seats - Indoor,Indian,1,30
2023,North Melbourne,Seats - Indoor,Italian,1,80
2023,North Melbourne,Seats - Indoor,Japanese,1,20
2023,North Melbourne,Seats - Indoor,Korean,2,146
2023,North Melbourne,Seats - Indoor,Mexican,1,30
2023,North Melbourne,Seats - Indoor,Middle Eastern,1,15
2023,North Melbourne,Seats - Indoor,Other Cuisines,39,1836
2023,North Melbourne,Seats - Indoor,Thai,1,60
2023,North Melbourne,Seats - Indoor,Vietnamese,1,38
2023,North Melbourne,Seats - Indoor,Western / Pub / Bistro,2,82
2023,North Melbourne,Seats - Outdoor,Cafe / Coffee Shop,11,200
2023,North Melbourne,Seats - Outdoor,Italian,1,4
2023,North Melbourne,Seats - Outdoor,Japanese,1,24
2023,North Melbourne,Seats - Outdoor,Korean,1,12
2023,North Melbourne,Seats - Outdoor,Other Cuisines,27,481
2023,North Melbourne,Seats - Outdoor,Thai,1,8
2023,North Melbourne,Seats - Outdoor,Vietnamese,1,6
2023,North Melbourne,Seats - Outdoor,Western / Pub / Bistro,2,18
2023,Parkville,Seats - Indoor,Cafe / Coffee Shop,7,288
2023,Parkville,Seats - Indoor,Italian,1,36
2023,Parkville,Seats - Indoor,Japanese,2,76
2023,Parkville,Seats - Indoor,Other Cuisines,14,924
2023,Parkville,Seats - Indoor,Vietnamese,1,35
2023,Parkville,Seats - Indoor,Western / Pub / Bistro,1,118
2023,Parkville,Seats - Outdoor,Cafe / Coffee Shop,4,129
2023,Parkville,Seats - Outdoor,Other Cuisines,8,300
2023,Parkville,Seats - Outdoor,Vietnamese,1,12
2023,Parkville,Seats - Outdoor,Western / Pub / Bistro,1,240
2023,Port Melbourne,Seats - Indoor,Cafe / Coffee Shop,6,227
2023,Port Melbourne,Seats - Indoor,Middle Eastern,1,52
2023,Port Melbourne,Seats - Indoor,Other Cuisines,7,244
2023,Port Melbourne,Seats - Indoor,Western / Pub / Bistro,1,90
2023,Port Melbourne,Seats - Outdoor,Cafe / Coffee Shop,5,83
2023,Port Melbourne,Seats - Outdoor,Middle Eastern,1,24
2023,Port Melbourne,Seats - Outdoor,Other Cuisines,5,102
2023,Port Melbourne,Seats - Outdoor,Western / Pub / Bistro,1,90
2023,South Yarra,Seats - Indoor,Other Cuisines,6,331
2023,South Yarra,Seats - Indoor,Western / Pub / Bistro,2,224
2023,South Yarra,Seats - Outdoor,Other Cuisines,5,133
2023,South Yarra,Seats - Outdoor,Western / Pub / Bistro,2,56
2023,Southbank,Seats - Indoor,Cafe / Coffee Shop,17,1001
2023,Southbank,Seats - Indoor,Chinese,1,110
2023,Southbank,Seats - Indoor,Greek,1,80
2023,Southbank,Seats - Indoor,Italian,1,150
2023,Southbank,Seats - Indoor,Japanese,1,90
2023,Southbank,Seats - Indoor,Mexican,1,28
2023,Southbank,Seats - Indoor,Other Cuisines,81,8511
2023,Southbank,Seats - Indoor,Thai,2,152
2023,Southbank,Seats - Indoor,Vietnamese,2,130
2023,Southbank,Seats - Indoor,Western / Pub / Bistro,17,2105
2023,Southbank,Seats - Outdoor,Cafe / Coffee Shop,11,299
2023,Southbank,Seats - Outdoor,Japanese,1,40
2023,Southbank,Seats - Outdoor,Other Cuisines,40,2612
2023,Southbank,Seats - Outdoor,Thai,1,90
2023,Southbank,Seats - Outdoor,Vietnamese,1,12
2023,Southbank,Seats - Outdoor,Western / Pub / Bistro,12,731
2023,West Melbourne (Residential),Seats - Indoor,Cafe / Coffee Shop,7,158
2023,West Melbourne (Residential),Seats - Indoor,Indian,1,42
2023,West Melbourne (Residential),Seats - Indoor,Italian,1,100
2023,West Melbourne (Residential),Seats - Indoor,Korean,3,65
2023,West Melbourne (Residential),Seats - Indoor,Other Cuisines,24,918
2023,West Melbourne (Residential),Seats - Indoor,Thai,3,122
2023,West Melbourne (Residential),Seats - Indoor,Western / Pub / Bistro,1,24
2023,West Melbourne (Residential),Seats - Outdoor,Cafe / Coffee Shop,5,72
2023,West Melbourne (Residential),Seats - Outdoor,Korean,1,8
2023,West Melbourne (Residential),Seats - Outdoor,Other Cuisines,12,160
2023,West Melbourne (Residential),Seats - Outdoor,Thai,1,4
2024,Carlton,Seats - Indoor,Cafe / Coffee Shop,26,1542
2024,Carlton,Seats - Indoor,Chinese,5,148
2024,Carlton,Seats - Indoor,Greek,1,28
2024,Carlton,Seats - Indoor,Indian,1,89
2024,Carlton,Seats - Indoor,Italian,14,1128
2024,Carlton,Seats - Indoor,Japanese,2,32
2024,Carlton,Seats - Indoor,Korean,3,200
2024,Carlton,Seats - Indoor,Middle Eastern,1,50
2024,Carlton,Seats - Indoor,Other Cuisines,106,6486
2024,Carlton,Seats - Indoor,Thai,4,254
2024,Carlton,Seats - Indoor,Vietnamese,2,61
2024,Carlton,Seats - Indoor,Western / Pub / Bistro,10,521
2024,Carlton,Seats - Outdoor,Cafe / Coffee Shop,23,644
2024,Carlton,Seats - Outdoor,Chinese,4,35
2024,Carlton,Seats - Outdoor,Greek,1,24
2024,Carlton,Seats - Outdoor,Italian,11,368
2024,Carlton,Seats - Outdoor,Japanese,2,38
2024,Carlton,Seats - Outdoor,Korean,2,42
2024,Carlton,Seats - Outdoor,Middle Eastern,1,10
2024,Carlton,Seats - Outdoor,Other Cuisines,73,1771
2024,Carlton,Seats - Outdoor,Thai,3,48
2024,Carlton,Seats - Outdoor,Vietnamese,2,16
2024,Carlton,Seats - Outdoor,Western / Pub / Bistro,9,203
2024,Docklands,Seats - Indoor,Cafe / Coffee Shop,31,1672
2024,Docklands,Seats - Indoor,Chinese,2,82
2024,Docklands,Seats - Indoor,Indian,1,150
2024,Docklands,Seats - Indoor,Italian,4,169
2024,Docklands,Seats - Indoor,Japanese,9,351
2024,Docklands,Seats - Indoor,Mexican,1,59
2024,Docklands,Seats - Indoor,Middle Eastern,2,130
2024,Docklands,Seats - Indoor,Other Cuisines,88,5724
2024,Docklands,Seats - Indoor,Thai,5,223
2024,Docklands,Seats - Indoor,Vietnamese,4,141
2024,Docklands,Seats - Indoor,Western / Pub / Bistro,8,583
2024,Docklands,Seats - Outdoor,Cafe / Coffee Shop,21,619
2024,Docklands,Seats - Outdoor,Chinese,1,12
2024,Docklands,Seats - Outdoor,Indian,1,50
2024,Docklands,Seats - Outdoor,Italian,3,122
2024,Docklands,Seats - Outdoor,Japanese,6,142
2024,Docklands,Seats - Outdoor,Mexican,1,15
2024,Docklands,Seats - Outdoor,Middle Eastern,2,48
2024,Docklands,Seats - Outdoor,Other Cuisines,49,2026
2024,Docklands,Seats - Outdoor,Thai,2,50
2024,Docklands,Seats - Outdoor,Vietnamese,3,100
2024,Docklands,Seats - Outdoor,Western / Pub / Bistro,5,203
2024,East Melbourne,Seats - Indoor,Cafe / Coffee Shop,8,560
2024,East Melbourne,Seats - Indoor,Indian,1,40
2024,East Melbourne,Seats - Indoor,Italian,2,100
2024,East Melbourne,Seats - Indoor,Japanese,2,52
2024,East Melbourne,Seats - Indoor,Other Cuisines,13,769
2024,East Melbourne,Seats - Indoor,Western / Pub / Bistro,1,46
2024,East Melbourne,Seats - Outdoor,Cafe / Coffee Shop,7,195
2024,East Melbourne,Seats - Outdoor,Italian,2,11
2024,East Melbourne,Seats - Outdoor,Japanese,1,6
2024,East Melbourne,Seats - Outdoor,Other Cuisines,10,214
2024,East Melbourne,Seats - Outdoor,Western / Pub / Bistro,1,25
2024,Kensington,Seats - Indoor,Cafe / Coffee Shop,7,235
2024,Kensington,Seats - Indoor,Italian,1,130
2024,Kensington,Seats - Indoor,Other Cuisines,13,624
2024,Kensington,Seats - Indoor,Thai,1,22
2024,Kensington,Seats - Indoor,Western / Pub / Bistro,2,53
2024,Kensington,Seats - Outdoor,Cafe / Coffee Shop,6,65
2024,Kensington,Seats - Outdoor,Italian,1,34
2024,Kensington,Seats - Outdoor,Other Cuisines,4,58
2024,Kensington,Seats - Outdoor,Thai,1,10
2024,Kensington,Seats - Outdoor,Western / Pub / Bistro,1,41
2024,Melbourne (CBD),Seats - Indoor,Cafe / Coffee Shop,120,5599
2024,Melbourne (CBD),Seats - Indoor,Chinese,40,3160
2024,Melbourne (CBD),Seats - Indoor,Greek,1,80
2024,Melbourne (CBD),Seats - Indoor,Indian,5,308
2024,Melbourne (CBD),Seats - Indoor,Italian,31,3478
2024,Melbourne (CBD),Seats - Indoor,Japanese,43,2396
2024,Melbourne (CBD),Seats - Indoor,Korean,29,2144
2024,Melbourne (CBD),Seats - Indoor,Mexican,7,424
2024,Melbourne (CBD),Seats - Indoor,Middle Eastern,3,59
2024,Melbourne (CBD),Seats - Indoor,Other Cuisines,570,39388
2024,Melbourne (CBD),Seats - Indoor,Thai,14,1067
2024,Melbourne (CBD),Seats - Indoor,Vietnamese,13,518
2024,Melbourne (CBD),Seats - Indoor,Western / Pub / Bistro,65,4787
2024,Melbourne (CBD),Seats - Outdoor,Cafe / Coffee Shop,77,1855
2024,Melbourne (CBD),Seats - Outdoor,Chinese,8,96
2024,Melbourne (CBD),Seats - Outdoor,Greek,1,16
2024,Melbourne (CBD),Seats - Outdoor,Indian,3,41
2024,Melbourne (CBD),Seats - Outdoor,Italian,11,404
2024,Melbourne (CBD),Seats - Outdoor,Japanese,8,124
2024,Melbourne (CBD),Seats - Outdoor,Korean,7,106
2024,Melbourne (CBD),Seats - Outdoor,Mexican,4,76
2024,Melbourne (CBD),Seats - Outdoor,Other Cuisines,200,5174
2024,Melbourne (CBD),Seats - Outdoor,Thai,3,46
2024,Melbourne (CBD),Seats - Outdoor,Vietnamese,4,60
2024,Melbourne (CBD),Seats - Outdoor,Western / Pub / Bistro,31,1292
2024,Melbourne (Remainder),Seats - Indoor,Cafe / Coffee Shop,11,750
2024,Melbourne (Remainder),Seats - Indoor,Japanese,4,78
2024,Melbourne (Remainder),Seats - Indoor,Other Cuisines,15,819
2024,Melbourne (Remainder),Seats - Indoor,Thai,1,48
2024,Melbourne (Remainder),Seats - Outdoor,Cafe / Coffee Shop,9,344
2024,Melbourne (Remainder),Seats - Outdoor,Japanese,3,44
2024,Melbourne (Remainder),Seats - Outdoor,Other Cuisines,15,578
2024,Melbourne (Remainder),Seats - Outdoor,Thai,1,13
2024,North Melbourne,Seats - Indoor,Cafe / Coffee Shop,11,406
2024,North Melbourne,Seats - Indoor,Chinese,1,28
2024,North Melbourne,Seats - Indoor,Indian,1,30
2024,North Melbourne,Seats - Indoor,Italian,1,80
2024,North Melbourne,Seats - Indoor,Japanese,1,20
2024,North Melbourne,Seats - Indoor,Korean,2,146
2024,North Melbourne,Seats - Indoor,Mexican,1,30
2024,North Melbourne,Seats - Indoor,Middle Eastern,1,15
2024,North Melbourne,Seats - Indoor,Other Cuisines,39,1836
2024,North Melbourne,Seats - Indoor,Thai,1,60
2024,North Melbourne,Seats - Indoor,Vietnamese,1,38
2024,North Melbourne,Seats - Indoor,Western / Pub / Bistro,2,82
2024,North Melbourne,Seats - Outdoor,Cafe / Coffee Shop,11,200
2024,North Melbourne,Seats - Outdoor,Italian,1,4
2024,North Melbourne,Seats - Outdoor,Japanese,1,24
2024,North Melbourne,Seats - Outdoor,Korean,1,12
2024,North Melbourne,Seats - Outdoor,Other Cuisines,27,481
2024,North Melbourne,Seats - Outdoor,Thai,1,8
2024,North Melbourne,Seats - Outdoor,Vietnamese,1,6
2024,North Melbourne,Seats - Outdoor,Western / Pub / Bistro,2,18
2024,Parkville,Seats - Indoor,Cafe / Coffee Shop,7,288
2024,Parkville,Seats - Indoor,Italian,1,36
2024,Parkville,Seats - Indoor,Japanese,2,76
2024,Parkville,Seats - Indoor,Other Cuisines,14,924
2024,Parkville,Seats - Indoor,Vietnamese,1,35
2024,Parkville,Seats - Indoor,Western / Pub / Bistro,1,118
2024,Parkville,Seats - Outdoor,Cafe / Coffee Shop,4,129
2024,Parkville,Seats - Outdoor,Other Cuisines,8,300
2024,Parkville,Seats - Outdoor,Vietnamese,1,12
2024,Parkville,Seats - Outdoor,Western / Pub / Bistro,1,240
2024,Port Melbourne,Seats - Indoor,Cafe / Coffee Shop,6,227
2024,Port Melbourne,Seats - Indoor,Middle Eastern,1,52
2024,Port Melbourne,Seats - Indoor,Other Cuisines,7,244
2024,Port Melbourne,Seats - Indoor,Western / Pub / Bistro,1,90
2024,Port Melbourne,Seats - Outdoor,Cafe / Coffee Shop,5,83
2024,Port Melbourne,Seats - Outdoor,Middle Eastern,1,24
2024,Port Melbourne,Seats - Outdoor,Other Cuisines,5,102
2024,Port Melbourne,Seats - Outdoor,Western / Pub / Bistro,1,90
2024,South Yarra,Seats - Indoor,Other Cuisines,6,331
2024,South Yarra,Seats - Indoor,Western / Pub / Bistro,2,224
2024,South Yarra,Seats - Outdoor,Other Cuisines,5,133
2024,South Yarra,Seats - Outdoor,Western / Pub / Bistro,2,56
2024,Southbank,Seats - Indoor,Cafe / Coffee Shop,17,1001
2024,Southbank,Seats - Indoor,Chinese,1,110
2024,Southbank,Seats - Indoor,Greek,1,80
2024,Southbank,Seats - Indoor,Italian,1,150
2024,Southbank,Seats - Indoor,Japanese,1,90
2024,Southbank,Seats - Indoor,Mexican,1,28
2024,Southbank,Seats - Indoor,Other Cuisines,81,8511
2024,Southbank,Seats - Indoor,Thai,2,152
2024,Southbank,Seats - Indoor,Vietnamese,2,130
2024,Southbank,Seats - Indoor,Western / Pub / Bistro,17,2105
2024,Southbank,Seats - Outdoor,Cafe / Coffee Shop,11,299
2024,Southbank,Seats - Outdoor,Japanese,1,40
2024,Southbank,Seats - Outdoor,Other Cuisines,40,2612
2024,Southbank,Seats - Outdoor,Thai,1,90
2024,Southbank,Seats - Outdoor,Vietnamese,1,12
2024,Southbank,Seats - Outdoor,Western / Pub / Bistro,12,731
2024,West Melbourne (Residential),Seats - Indoor,Cafe / Coffee Shop,7,158
2024,West Melbourne (Residential),Seats - Indoor,Indian,1,42
2024,West Melbourne (Residential),Seats - Indoor,Italian,1,100
2024,West Melbourne (Residential),Seats - Indoor,Korean,3,65
2024,West Melbourne (Residential),Seats - Indoor,Other Cuisines,24,918
2024,West Melbourne (Residential),Seats - Indoor,Thai,3,122
2024,West Melbourne (Residential),Seats - Indoor,Western / Pub / Bistro,1,24
2024,West Melbourne (Residential),Seats - Outdoor,Cafe / Coffee Shop,5,72
2024,West Melbourne (Residential),Seats - Outdoor,Korean,1,8
2024,West Melbourne (Residential),Seats - Outdoor,Other Cuisines,12,160
2024,West Melbourne (Residential),Seats - Outdoor,Thai,1,4
